ID_Venta,Precio,Unidades,Descuento,Total_Bruto,Total_Neto,Día,Categoría_Venta
1,112,1,0.12926625709854178,112,97.52,20,Baja
2,445,5,0.07461428177628897,2225,2058.98,19,Baja
3,870,9,0.18514349598120902,7830,6380.33,29,Alta
4,280,6,0.21203316506563374,1680,1323.78,10,Baja
5,116,1,0.05011257237028496,116,110.19,28,Baja
6,81,1,0.0502857648864953,81,76.93,18,Baja
7,710,2,0.011001428080062891,1420,1404.38,28,Baja
8,30,9,0.22092060451969214,270,210.35,3,Baja
9,624,3,0.19914135828654153,1872,1499.21,11,Baja
10,131,1,0.14238926272494415,131,112.35,15,Baja
11,476,5,0.2532511346907591,2380,1777.26,27,Baja
12,224,7,0.24170104588501595,1568,1189.01,30,Baja
13,340,6,0.17560630931902563,2040,1681.76,11,Baja
14,468,1,0.2604813841539776,468,346.09,17,Baja
15,97,5,0.06175236301103047,485,455.05,17,Baja
16,382,5,0.03357588581931836,1910,1845.87,6,Baja
17,109,6,0.08092488345509688,654,601.08,5,Baja
18,881,3,0.017126056826794456,2643,2597.74,8,Baja
19,673,5,0.1593508584003096,3365,2828.78,2,Baja
20,140,7,0.28098170768848846,980,704.64,16,Baja
21,671,5,0.011803062200552893,3355,3315.4,20,Alta
22,318,5,0.03663297420300804,1590,1531.75,24,Baja
23,779,5,0.1356597084850306,3895,3366.61,12,Alta
24,353,3,0.28016250525837144,1059,762.31,6,Baja
25,501,1,0.09484683149302515,501,453.48,1,Baja
26,423,5,0.15217044260651771,2115,1793.16,4,Baja
27,815,9,0.01247185771511763,7335,7243.52,17,Alta
28,395,1,0.04450296028862666,395,377.42,13,Baja
29,201,3,0.29598903688765404,603,424.52,18,Baja
30,965,4,0.28953560893081365,3860,2742.39,5,Baja
31,286,1,0.0014819942803228846,286,285.58,30,Baja
32,170,1,0.28554353562697166,170,121.46,24,Baja
33,469,8,0.1917359813446501,3752,3032.61,24,Alta
34,323,2,0.2603754883560066,646,477.8,27,Baja
35,31,8,0.13642195669015772,248,214.17,3,Baja
36,262,7,0.15467880857377506,1834,1550.32,11,Baja
37,757,2,0.14665397407707606,1514,1291.97,13,Baja
38,866,6,0.2000592772638313,5196,4156.49,4,Alta
39,570,6,0.04189537642689387,3420,3276.72,26,Alta
40,484,3,0.008992076961803385,1452,1438.94,27,Baja
41,68,2,0.09237898247735728,136,123.44,14,Baja
42,520,1,0.211404228820994,520,410.07,22,Baja
43,691,6,0.060556035636884505,4146,3894.93,11,Alta
44,485,5,0.20202972999747518,2425,1935.08,27,Baja
45,709,9,0.2909736138321811,6381,4524.3,10,Alta
46,985,1,0.028170214736825516,985,957.25,19,Baja
47,792,7,0.20178063546753788,5544,4425.33,18,Alta
48,199,5,0.13312506579137134,995,862.54,6,Baja
49,967,5,0.2604426763132516,4835,3575.76,27,Alta
50,696,2,0.05314493683421577,1392,1318.02,29,Baja
51,967,3,0.20778778566784936,2901,2298.21,15,Baja
52,572,7,0.25143458689443304,4004,2997.26,21,Baja
53,885,6,0.28338426584220694,5310,3805.23,30,Alta
54,576,2,0.20497440848689374,1152,915.87,10,Baja
55,253,6,0.1491524292025282,1518,1291.59,5,Baja
56,841,2,0.18535417206036414,1682,1370.23,26,Baja
57,514,2,0.26067149534361544,1028,760.03,29,Baja
58,140,2,0.1711829239916489,280,232.07,5,Baja
59,494,3,0.009116117909051058,1482,1468.49,10,Baja
60,828,2,0.2792846086520933,1656,1193.5,28,Baja
61,656,4,0.20685802530946834,2624,2081.2,5,Baja
62,30,9,0.20295401573317395,270,215.2,3,Baja
63,850,6,0.06470254571931515,5100,4770.02,23,Alta
64,176,1,0.19766564106979714,176,141.21,6,Baja
65,283,8,0.11815932169624754,2264,1996.49,4,Baja
66,397,7,0.19536989311244762,2779,2236.07,18,Baja
67,610,3,0.031977909092397214,1830,1771.48,28,Baja
68,325,1,0.1973535913809108,325,260.86,9,Baja
69,23,5,0.29982411773119994,115,80.52,17,Baja
70,251,4,0.014463611658166807,1004,989.48,29,Baja
71,786,8,0.29315225526639516,6288,4444.66,13,Alta
72,355,1,0.12207238821686117,355,311.66,27,Baja
73,574,1,0.26122603510117776,574,424.06,15,Baja
74,907,4,0.23471564521748203,3628,2776.45,30,Baja
75,349,8,0.17010487829600032,2792,2317.07,20,Baja
76,101,5,0.22153476277539794,505,393.12,17,Baja
77,376,2,0.26355466839040437,752,553.81,13,Baja
78,965,6,0.12124209649530988,5790,5088.01,16,Alta
79,464,5,0.0981099484689716,2320,2092.38,22,Baja
80,437,2,0.2002780156690754,874,698.96,4,Baja
81,518,3,0.24235378258237755,1554,1177.38,5,Baja
82,785,9,0.22868554043298472,7065,5449.34,5,Alta
83,952,7,0.23934409465759032,6664,5069.01,9,Alta
84,44,7,0.1306749944438799,308,267.75,17,Baja
85,215,6,0.24535026485250647,1290,973.5,13,Baja
86,90,8,0.03606271661118253,720,694.03,2,Baja
87,941,4,0.16334672938825487,3764,3149.16,13,Alta
88,571,8,0.0017275981494364711,4568,4560.11,22,Alta
89,881,4,0.09737574897008108,3524,3180.85,21,Alta
90,397,8,0.10993846046141936,3176,2826.84,27,Baja
91,11,9,0.11885180748277661,99,87.23,23,Baja
92,399,3,0.20864016200695865,1197,947.26,19,Baja
93,575,3,0.11656743038110372,1725,1523.92,3,Baja
94,115,2,0.1346080867867592,230,199.04,10,Baja
95,781,3,0.07126323926229823,2343,2176.03,2,Baja
96,831,3,0.11197553748880203,2493,2213.84,13,Baja
97,486,5,0.06818088817894544,2430,2264.32,19,Baja
98,712,5,0.02195877713053309,3560,3481.83,26,Alta
99,411,2,0.18103457801441336,822,673.19,17,Baja
100,739,6,0.20046383956650488,4434,3545.14,21,Alta
101,565,5,0.18584710380288436,2825,2299.98,14,Baja
102,171,6,0.1390482131401717,1026,883.34,12,Baja
103,211,1,0.11393573405376894,211,186.96,21,Baja
104,967,5,0.25900009487154757,4835,3582.73,12,Alta
105,279,9,0.1557245355408654,2511,2119.98,11,Baja
106,872,2,0.14375456328891928,1744,1493.29,7,Baja
107,825,1,0.007692619741930706,825,818.65,4,Baja
108,280,9,0.1023743482878469,2520,2262.02,19,Baja
109,465,9,0.1140586856357571,4185,3707.66,1,Alta
110,471,9,0.11964683426907013,4239,3731.82,28,Alta
111,736,6,0.17405171076819967,4416,3647.39,24,Alta
112,261,8,0.16008076401806354,2088,1753.75,29,Baja
113,711,1,0.18237152783803337,711,581.33,3,Baja
114,305,4,0.22946497846263847,1220,940.05,13,Baja
115,734,1,0.24389572161482803,734,554.98,15,Baja
116,729,8,0.21543692286794833,5832,4575.57,2,Alta
117,758,1,0.2866571087864804,758,540.71,11,Baja
118,347,3,0.005469774802908489,1041,1035.31,4,Baja
119,888,4,0.05873339570506383,3552,3343.38,19,Alta
120,62,8,0.002268862493442636,496,494.87,29,Baja
121,801,6,0.1942424142463809,4806,3872.47,17,Alta
122,931,7,0.26940916468499604,6517,4761.26,3,Alta
123,226,8,0.07304468897288978,1808,1675.94,28,Baja
124,773,2,0.278110363438892,1546,1116.04,18,Baja
125,197,8,0.018080217086868255,1576,1547.51,8,Baja
126,389,3,0.2803308080416543,1167,839.85,22,Baja
127,502,7,0.10548680617189032,3514,3143.32,25,Alta
128,50,3,0.030426248534764954,150,145.44,24,Baja
129,166,7,0.14576152775589768,1162,992.63,26,Baja
130,24,2,0.07703297031615237,48,44.3,19,Baja
131,822,6,0.08546187058857685,4932,4510.5,5,Alta
132,74,3,0.09218698947788596,222,201.53,7,Baja
133,866,3,0.24090776934979902,2598,1972.12,21,Baja
134,848,9,0.16174838300257635,7632,6397.54,8,Alta
135,530,7,0.09339230974680109,3710,3363.51,28,Alta
136,353,5,0.18310013499327552,1765,1441.83,5,Baja
137,138,7,0.21484520226695805,966,758.46,17,Baja
138,657,9,0.08178720022006013,5913,5429.39,5,Alta
139,481,1,0.12406473045760545,481,421.32,4,Baja
140,72,7,0.036565828001084266,504,485.57,22,Baja
141,148,6,0.05434480486040409,888,839.74,19,Baja
142,508,9,0.20433535618949483,4572,3637.78,27,Alta
143,602,1,0.05443150430868808,602,569.23,21,Baja
144,401,4,0.15754901510011804,1604,1351.29,2,Baja
145,684,9,0.2127138785167298,6156,4846.53,11,Alta
146,428,4,0.03206307692842315,1712,1657.11,22,Baja
147,298,3,0.17019366588867105,894,741.85,13,Baja
148,388,9,0.07696883511040913,3492,3223.22,15,Alta
149,782,2,0.2888780625712739,1564,1112.19,12,Baja
150,499,4,0.1450636940159774,1996,1706.45,22,Baja
151,240,6,0.24179776493254743,1440,1091.81,21,Baja
152,50,2,0.16506796264687854,100,83.49,22,Baja
153,37,8,0.013023759856445749,296,292.14,11,Baja
154,144,8,0.1899454126782067,1152,933.18,7,Baja
155,210,1,0.2854210026619971,210,150.06,28,Baja
156,849,3,0.18048354604389935,2547,2087.31,5,Baja
157,789,9,0.24575665782803705,7101,5355.88,17,Alta
158,939,5,0.26526193900452233,4695,3449.6,24,Alta
159,42,6,0.06842393158467974,252,234.76,20,Baja
160,57,4,0.063613451972468,228,213.5,9,Baja
161,512,2,0.1832942966552975,1024,836.31,14,Baja
162,416,8,0.12330854094201141,3328,2917.63,26,Baja
163,583,6,0.2519583908600161,3498,2616.65,12,Baja
164,737,5,0.2700069370194033,3685,2690.02,6,Baja
165,814,9,0.10602641379081543,7326,6549.25,17,Alta
166,108,1,0.07106116769234462,108,100.33,19,Baja
167,693,5,0.23415765457315854,3465,2653.64,19,Baja
168,881,6,0.08244181066444083,5286,4850.21,26,Alta
169,735,5,0.2467842955541035,3675,2768.07,16,Baja
170,996,6,0.12712147609462884,5976,5216.32,12,Alta
171,556,6,0.20026496978744113,3336,2667.92,12,Baja
172,970,7,0.028660594150400454,6790,6595.39,20,Alta
173,748,4,0.1871577974029719,2992,2432.02,6,Baja
174,622,8,0.13553030362116872,4976,4301.6,23,Alta
175,952,7,0.17598253895264224,6664,5491.25,26,Alta
176,471,9,0.05040426232345902,4239,4025.34,4,Alta
177,652,7,0.22106212348325463,4564,3555.07,6,Alta
178,778,3,0.25883912326296854,2334,1729.87,11,Baja
179,14,3,0.06502194002723269,42,39.27,1,Baja
180,227,8,0.028714366656048516,1816,1763.85,30,Baja
181,512,5,0.007091575813900918,2560,2541.85,24,Baja
182,776,4,0.1925914501329798,3104,2506.2,23,Baja
183,407,8,0.18212821082663422,3256,2662.99,15,Baja
184,880,6,0.164009223814221,5280,4414.03,27,Alta
185,804,2,0.06958412883479262,1608,1496.11,11,Baja
186,402,4,0.11727179877165439,1608,1419.43,25,Baja
187,216,4,0.17834290055585192,864,709.91,19,Baja
188,24,6,0.14903005765775082,144,122.54,18,Baja
189,867,6,0.29633565606446616,5202,3660.46,17,Alta
190,563,1,0.040931925767019935,563,539.96,19,Baja
191,901,8,0.20854336621427813,7208,5704.82,21,Alta
192,470,6,0.12129563043128763,2820,2477.95,14,Baja
193,700,3,0.12845988447768442,2100,1830.23,27,Baja
194,584,9,0.21527932969745286,5256,4124.49,18,Alta
195,873,2,0.20773084539731088,1746,1383.3,28,Baja
196,752,8,0.2973767981106565,6016,4226.98,19,Alta
197,250,3,0.03851828683623757,750,721.11,15,Baja
198,573,5,0.0312328948152499,2865,2775.52,15,Baja
199,105,6,0.21730164513862235,630,493.1,4,Baja
200,909,6,0.1735160751019227,5454,4507.64,7,Alta
201,743,4,0.08224819996794176,2972,2727.56,13,Baja
202,494,3,0.02382581069669598,1482,1446.69,3,Baja
203,416,4,0.02569747487892916,1664,1621.24,16,Baja
204,240,1,0.2682572623992355,240,175.62,9,Baja
205,758,4,0.05756019741562287,3032,2857.48,8,Baja
206,664,1,0.09701146863465622,664,599.58,20,Baja
207,180,1,0.0679969206680964,180,167.76,13,Baja
208,550,6,0.10649889174958119,3300,2948.55,17,Baja
209,45,5,0.02082715282382801,225,220.31,17,Baja
210,534,4,0.1557179372724811,2136,1803.39,17,Baja
211,169,3,0.02028376907766447,507,496.72,1,Baja
212,848,1,0.24010695234670845,848,644.39,8,Baja
213,708,6,0.0701136245731299,4248,3950.16,19,Alta
214,252,2,0.16200357438135318,504,422.35,6,Baja
215,95,8,0.26402372626843745,760,559.34,3,Baja
216,805,5,0.19526321071415825,4025,3239.07,27,Alta
217,587,7,0.15988733596540058,4109,3452.02,5,Alta
218,691,2,0.09730012593461268,1382,1247.53,13,Baja
219,566,8,0.09990057391745938,4528,4075.65,15,Alta
220,583,2,0.20084608655945704,1166,931.81,14,Baja
221,962,4,0.2982418083663502,3848,2700.37,29,Baja
222,655,1,0.19855175695481359,655,524.95,23,Baja
223,805,5,0.16733502521100746,4025,3351.48,16,Alta
224,37,9,0.2191951530717738,333,260.01,18,Baja
225,629,1,0.13956168368511543,629,541.22,22,Baja
226,565,9,0.018042702780235564,5085,4993.25,29,Alta
227,349,8,0.16868904476337293,2792,2321.02,22,Baja
228,807,6,0.287287585351614,4842,3450.95,11,Alta
229,967,7,0.05259088270729789,6769,6413.01,3,Alta
230,340,3,0.20700146724619972,1020,808.86,22,Baja
231,649,1,0.06028010659771694,649,609.88,10,Baja
232,515,5,0.16074830534192439,2575,2161.07,10,Baja
233,357,2,0.029002934894015883,714,693.29,30,Baja
234,482,5,0.13511128087745553,2410,2084.38,21,Baja
235,240,8,0.2268489986685738,1920,1484.45,16,Baja
236,199,9,0.10427145727169462,1791,1604.25,12,Baja
237,234,2,0.1994735173461654,468,374.65,2,Baja
238,394,3,0.23863498823691875,1182,899.93,9,Baja
239,386,3,0.2781533458438358,1158,835.9,24,Baja
240,292,1,0.07039262455663606,292,271.45,3,Baja
241,967,8,0.11979477474279243,7736,6809.27,24,Alta
242,642,6,0.04572480399912523,3852,3675.87,30,Alta
243,637,8,0.29774505064751255,5096,3578.69,25,Alta
244,982,9,0.27810029037728856,8838,6380.15,30,Alta
245,754,5,0.16198713908416787,3770,3159.31,15,Alta
246,268,3,0.25260998831292636,804,600.9,3,Baja
247,368,5,0.15628739318161264,1840,1552.43,19,Baja
248,719,5,0.1870757064008279,3595,2922.46,18,Baja
249,465,5,0.026737329634804984,2325,2262.84,8,Baja
250,420,3,0.22658112614904236,1260,974.51,26,Baja
251,658,4,0.038314045090570445,2632,2531.16,17,Baja
252,327,9,0.2478202890757585,2943,2213.66,8,Baja
253,686,9,0.23460842630111575,6174,4725.53,7,Alta
254,234,2,0.21262340932289292,468,368.49,30,Baja
255,828,8,0.010848114157428633,6624,6552.14,7,Alta
256,243,8,0.09093850678359858,1944,1767.22,3,Baja
257,693,7,0.07893377097325285,4851,4468.09,1,Alta
258,673,8,0.10804092224145573,5384,4802.31,4,Alta
259,984,3,0.026292824029151562,2952,2874.38,25,Baja
260,836,6,0.2810873469093188,5016,3606.07,5,Alta
261,383,1,0.16614067221371287,383,319.37,1,Baja
262,681,7,0.09165729319740706,4767,4330.07,15,Alta
263,617,1,0.11909445512228502,617,543.52,5,Baja
264,481,9,0.1341607621514507,4329,3748.22,13,Alta
265,242,1,0.1801783000081852,242,198.4,8,Baja
266,701,1,0.15470382830894933,701,592.55,8,Baja
267,122,7,0.2758175919643252,854,618.45,5,Baja
268,839,2,0.14908904487174907,1678,1427.83,28,Baja
269,506,5,0.2976474044469938,2530,1776.95,9,Baja
270,451,8,0.2554274873235287,3608,2686.42,1,Baja
271,573,8,0.06255315430720074,4584,4297.26,4,Alta
272,277,3,0.27917856439317484,831,599.0,3,Baja
273,519,7,0.034909919365642826,3633,3506.17,2,Alta
274,816,3,0.24523491254735746,2448,1847.66,8,Baja
275,395,6,0.11418698804297402,2370,2099.38,23,Baja
276,396,6,0.26339229613352083,2376,1750.18,9,Baja
277,122,3,0.2604170070322351,366,270.69,2,Baja
278,622,7,0.24177762003528633,4354,3301.3,14,Alta
279,634,3,0.2370091308921184,1902,1451.21,14,Baja
280,961,8,0.09140374172941224,7688,6985.29,4,Alta
281,90,4,0.024275784915375652,360,351.26,30,Baja
282,708,1,0.12089405362954843,708,622.41,6,Baja
283,122,4,0.0520573544959526,488,462.6,11,Baja
284,11,7,0.20848532667073852,77,60.95,3,Baja
285,651,4,0.10382991796133566,2604,2333.63,8,Baja
286,229,6,0.29268306025797447,1374,971.85,3,Baja
287,575,9,0.1922916232035996,5175,4179.89,14,Alta
288,864,1,0.24674416909030827,864,650.81,28,Baja
289,745,5,0.03975740182255453,3725,3576.9,13,Alta
290,234,7,0.2586043446817868,1638,1214.41,13,Baja
291,394,1,0.2768271571540183,394,284.93,2,Baja
292,412,4,0.14611857564568076,1648,1407.2,13,Baja
293,647,6,0.18187588132529323,3882,3175.96,29,Alta
294,139,2,0.22944294027089862,278,214.21,19,Baja
295,62,5,0.052451588178123766,310,293.74,27,Baja
296,693,1,0.1507698229390327,693,588.52,6,Baja
297,739,6,0.11959890833169393,4434,3903.7,16,Alta
298,681,6,0.04391219764867473,4086,3906.57,2,Alta
299,719,4,0.11026032668745943,2876,2558.89,8,Baja
300,425,8,0.02045169281564807,3400,3330.46,17,Alta
301,256,4,0.007743572084846095,1024,1016.07,23,Baja
302,845,8,0.04054988674644683,6760,6485.88,2,Alta
303,448,8,0.28893453347675213,3584,2548.46,10,Baja
304,212,5,0.1648588607685051,1060,885.25,28,Baja
305,193,4,0.289746648345966,772,548.32,16,Baja
306,132,2,0.1297493634990396,264,229.75,6,Baja
307,410,3,0.09354483992557787,1230,1114.94,28,Baja
308,776,3,0.15184255885207323,2328,1974.51,2,Baja
309,303,4,0.13185350658987302,1212,1052.19,2,Baja
310,289,4,0.03169940527852317,1156,1119.36,26,Baja
311,846,5,0.19224789440706186,4230,3416.79,13,Alta
312,893,4,0.06481145475287987,3572,3340.49,24,Alta
313,619,8,0.18587638646934887,4952,4031.54,15,Alta
314,207,6,0.195060327719446,1242,999.74,28,Baja
315,991,6,0.04560745593859443,5946,5674.82,2,Alta
316,916,8,0.01840488813320045,7328,7193.13,7,Alta
317,520,7,0.23422847582053194,3640,2787.41,3,Baja
318,761,8,0.13794012713079604,6088,5248.22,8,Alta
319,153,2,0.017449138651642736,306,300.66,23,Baja
320,618,9,0.29845989515093013,5562,3901.97,14,Alta
321,210,1,0.01733416829890999,210,206.36,24,Baja
322,133,8,0.20851056865756595,1064,842.14,30,Baja
323,196,4,0.29510367757902406,784,552.64,23,Baja
324,335,4,0.07175403126477768,1340,1243.85,27,Baja
325,473,5,0.04267481060615885,2365,2264.07,22,Baja
326,358,8,0.036415481826728664,2864,2759.71,29,Baja
327,780,5,0.09098254427027866,3900,3545.17,7,Alta
328,669,8,0.030313743303194005,5352,5189.76,21,Alta
329,773,1,0.20764840250823957,773,612.49,7,Baja
330,964,9,0.018687539439018807,8676,8513.87,1,Alta
331,941,6,0.1528266384449369,5646,4783.14,17,Alta
332,412,3,0.299009056155893,1236,866.42,9,Baja
333,355,8,0.24419108085180563,2840,2146.5,30,Baja
334,972,9,0.18456583146930325,8748,7133.42,21,Alta
335,520,6,0.09187608623598349,3120,2833.35,13,Baja
336,156,7,0.18716875088749155,1092,887.61,21,Baja
337,157,1,0.1581124391734955,157,132.18,19,Baja
338,873,5,0.12782501516711145,4365,3807.04,21,Alta
339,720,5,0.03921311302205984,3600,3458.83,19,Alta
340,829,4,0.26598126457214,3316,2434.01,25,Baja
341,498,6,0.13493539464639676,2988,2584.81,25,Baja
342,938,7,0.05838675354622952,6566,6182.63,22,Alta
343,945,9,0.11032780526318688,8505,7566.66,17,Alta
344,649,1,0.1242389257586781,649,568.37,23,Baja
345,560,6,0.24826136867006227,3360,2525.84,23,Baja
346,347,7,0.22008431416842061,2429,1894.42,30,Baja
347,881,3,0.23079146809240192,2643,2033.02,10,Baja
348,650,8,0.003309379328594164,5200,5182.79,10,Alta
349,788,5,0.12484619945392844,3940,3448.11,4,Alta
350,997,9,0.14440324549059708,8973,7677.27,8,Alta
351,962,5,0.005757683046917005,4810,4782.31,22,Alta
352,482,9,0.07794396262351026,4338,3999.88,20,Alta
353,955,4,0.2280869469366405,3820,2948.71,20,Baja
354,160,9,0.04113291171869971,1440,1380.77,18,Baja
355,424,5,0.1605930394357775,2120,1779.54,14,Baja
356,999,9,0.06456056160517125,8991,8410.54,18,Alta
357,307,3,0.0036362323931679818,921,917.65,28,Baja
358,620,4,0.07236043727986244,2480,2300.55,14,Baja
359,272,9,0.29276212647301614,2448,1731.32,20,Baja
360,773,6,0.24046113356489687,4638,3522.74,21,Alta
361,153,2,0.28787299329631,306,217.91,24,Baja
362,355,7,0.14635621317790873,2485,2121.3,15,Baja
363,633,2,0.03292085960325105,1266,1224.32,22,Baja
364,581,2,0.16438784669210788,1162,970.98,30,Baja
365,890,1,0.13631320036798825,890,768.68,4,Baja
366,11,3,0.2533071248218848,33,24.64,13,Baja
367,906,6,0.029424774235273374,5436,5276.05,27,Alta
368,313,8,0.14647234110653345,2504,2137.23,23,Baja
369,263,9,0.04501459940819528,2367,2260.45,8,Baja
370,661,7,0.09740277806701798,4627,4176.32,18,Alta
371,462,4,0.2212071232163399,1848,1439.21,12,Baja
372,46,6,0.14280543881062996,276,236.59,23,Baja
373,169,5,0.1127664855437308,845,749.71,14,Baja
374,18,8,0.11834288357101058,144,126.96,2,Baja
375,242,1,0.137834030521796,242,208.64,18,Baja
376,108,1,0.23550496315111705,108,82.57,24,Baja
377,668,6,0.2676254066820703,4008,2935.36,2,Baja
378,825,2,0.28660040595117847,1650,1177.11,11,Baja
379,217,5,0.23607101587658852,1085,828.86,9,Baja
380,140,1,0.09462206872440382,140,126.75,12,Baja
381,413,7,0.20644041182596265,2891,2294.18,17,Baja
382,161,1,0.13128093721661757,161,139.86,15,Baja
383,63,4,0.07640118661381536,252,232.75,25,Baja
384,129,9,0.25226147382777675,1161,868.12,17,Baja
385,682,1,0.011527904688697499,682,674.14,26,Baja
386,929,4,0.27052859764062703,3716,2710.72,29,Baja
387,637,6,0.13844323938742023,3822,3292.87,26,Alta
388,596,6,0.1911604430424841,3576,2892.41,18,Baja
389,634,8,0.1978061766617348,5072,4068.73,22,Alta
390,977,1,0.2685353222119609,977,714.64,6,Baja
391,429,7,0.1910009046501622,3003,2429.42,17,Baja
392,431,1,0.18418007542801854,431,351.62,23,Baja
393,113,7,0.01999561216820699,791,775.18,24,Baja
394,861,3,0.15552240658356123,2583,2181.29,18,Baja
395,263,8,0.04505070024511249,2104,2009.21,8,Baja
396,236,3,0.22123013061644567,708,551.37,9,Baja
397,121,1,0.15366657624380234,121,102.41,6,Baja
398,519,8,0.204068333762506,4152,3304.71,5,Alta
399,482,3,0.01250187018071528,1446,1427.92,12,Baja
400,108,2,0.025437604813740966,216,210.51,25,Baja
401,162,1,0.21489701641880468,162,127.19,29,Baja
402,870,3,0.02162530079960201,2610,2553.56,28,Baja
403,923,2,0.021377018329577578,1846,1806.54,11,Baja
404,905,2,0.003632542570466235,1810,1803.43,25,Baja
405,887,6,0.286950419489844,5322,3794.85,1,Alta
406,347,1,0.2212525078377021,347,270.23,11,Baja
407,715,2,0.10597542255061924,1430,1278.46,19,Baja
408,831,6,0.08896067438629657,4986,4542.44,9,Alta
409,172,3,0.10491096892375486,516,461.87,27,Baja
410,729,4,0.23239605935435453,2916,2238.33,2,Baja
411,966,1,0.1984111833211243,966,774.33,12,Baja
412,690,8,0.05555867036024038,5520,5213.32,4,Alta
413,170,7,0.0522328006002253,1190,1127.84,4,Baja
414,589,7,0.029518694914019192,4123,4001.29,18,Alta
415,810,3,0.19809081591040142,2430,1948.64,15,Baja
416,407,3,0.22931179866652077,1221,941.01,19,Baja
417,286,2,0.0795139284975012,572,526.52,13,Baja
418,825,1,0.006283488309273844,825,819.82,19,Baja
419,925,7,0.0246515002429282,6475,6315.38,17,Alta
420,513,7,0.2903580104535091,3591,2548.32,6,Baja
421,905,2,0.08863343324322608,1810,1649.57,16,Baja
422,401,7,0.23076694435144007,2807,2159.24,24,Baja
423,144,8,0.18739907065627912,1152,936.12,12,Baja
424,204,1,0.11458189189586876,204,180.63,19,Baja
425,410,9,0.06170617865866653,3690,3462.3,5,Alta
426,649,7,0.03641592544782193,4543,4377.56,17,Alta
427,42,3,0.18450389041166,126,102.75,26,Baja
428,697,8,0.2323901341913364,5576,4280.19,23,Alta
429,469,7,0.1931712760623392,3283,2648.82,26,Baja
430,964,8,0.15909063997474748,7712,6485.09,29,Alta
431,892,6,0.012585367029490879,5352,5284.64,1,Alta
432,479,9,0.29054663327831515,4311,3058.45,28,Alta
433,384,5,0.23961425749637236,1920,1459.94,27,Baja
434,31,3,0.08784661101028941,93,84.83,25,Baja
435,759,3,0.29399109880765517,2277,1607.58,24,Baja
436,679,1,0.18056447689089664,679,556.4,23,Baja
437,47,8,0.17472679746217393,376,310.3,10,Baja
438,239,2,0.22442195382885963,478,370.73,15,Baja
439,374,3,0.24353093642704127,1122,848.76,23,Baja
440,572,8,0.1969435821994508,4576,3674.79,21,Alta
441,447,8,0.038428723909860005,3576,3438.58,21,Alta
442,785,4,0.10148025179834952,3140,2821.35,11,Baja
443,292,4,0.2784250920978149,1168,842.8,13,Baja
444,36,5,0.06738468355315558,180,167.87,5,Baja
445,235,6,0.111650107151254,1410,1252.57,1,Baja
446,286,5,0.12962306488325878,1430,1244.64,24,Baja
447,807,7,0.13182149690833564,5649,4904.34,12,Alta
448,618,2,0.18388187474835765,1236,1008.72,11,Baja
449,293,7,0.28292275132341227,2051,1470.73,17,Baja
450,888,7,0.07220781354975149,6216,5767.16,4,Alta
451,969,1,0.03645041289027542,969,933.68,15,Baja
452,490,7,0.05924114695798119,3430,3226.8,25,Alta
453,462,5,0.2660774700627808,2310,1695.36,30,Baja
454,838,3,0.1937432437965618,2514,2026.93,9,Baja
455,825,3,0.08577203677174804,2475,2262.71,21,Baja
456,668,4,0.24478408169058516,2672,2017.94,20,Baja
457,525,2,0.2584109989090308,1050,778.67,19,Baja
458,556,2,0.2539543016070834,1112,829.6,19,Baja
459,201,1,0.27567796009186635,201,145.59,12,Baja
460,58,5,0.07567230605200848,290,268.06,5,Baja
461,521,4,0.22651257862388346,2084,1611.95,10,Baja
462,26,2,0.138161849182242,52,44.82,17,Baja
463,181,3,0.2525995658670184,543,405.84,5,Baja
464,229,7,0.21854720314848394,1603,1252.67,22,Baja
465,167,7,0.23293423394991739,1169,896.7,16,Baja
466,486,4,0.19684855130432144,1944,1561.33,7,Baja
467,55,5,0.05322863084091206,275,260.36,28,Baja
468,382,5,0.1635080756690815,1910,1597.7,9,Baja
469,527,6,0.29540092185735245,3162,2227.94,3,Baja
470,108,9,0.28121641994913565,972,698.66,15,Baja
471,901,2,0.0129521207391035,1802,1778.66,16,Baja
472,754,5,0.04944444471883114,3770,3583.59,18,Alta
473,46,3,0.03951863203636857,138,132.55,14,Baja
474,289,4,0.21779397299558864,1156,904.23,3,Baja
475,358,6,0.2453355989570835,2148,1621.02,12,Baja
476,506,8,0.06405340989320157,4048,3788.71,9,Alta
477,311,1,0.15175580788554868,311,263.8,28,Baja
478,190,8,0.25221090840335997,1520,1136.64,7,Baja
479,616,7,0.21984046342987518,4312,3364.05,9,Alta
480,108,1,0.1626711616475545,108,90.43,13,Baja
481,709,2,0.17710430713763187,1418,1166.87,18,Baja
482,125,3,0.152508164074884,375,317.81,5,Baja
483,200,1,0.08926453539564617,200,182.15,13,Baja
484,262,9,0.16950659785770483,2358,1958.3,4,Baja
485,990,8,0.2066655906150272,7920,6283.21,2,Alta
486,937,2,0.2619968747582423,1874,1383.02,16,Baja
487,992,9,0.19088740619377442,8928,7223.76,9,Alta
488,170,7,0.2283364611129474,1190,918.28,9,Baja
489,265,9,0.048021490486371894,2385,2270.47,6,Baja
490,332,6,0.13846724232593696,1992,1716.17,11,Baja
491,137,6,0.002799485948127989,822,819.7,22,Baja
492,27,4,0.07400365935648691,108,100.01,24,Baja
493,802,2,0.21793851453390145,1604,1254.43,22,Baja
494,744,7,0.297542985404809,5208,3658.4,1,Alta
495,575,5,0.02975342987616477,2875,2789.46,4,Baja
496,579,6,0.12044829475838648,3474,3055.56,13,Alta
497,332,2,0.24002129060974783,664,504.63,23,Baja
498,881,5,0.06121069038866965,4405,4135.37,13,Alta
499,695,4,0.16652548479068588,2780,2317.06,13,Baja
500,801,9,0.21992138880890244,7209,5623.59,2,Alta
501,635,6,0.18479563507805372,3810,3105.93,9,Alta
502,297,2,0.05640742038462484,594,560.49,24,Baja
503,952,1,0.10661537060572182,952,850.5,8,Baja
504,863,5,0.23513753534561915,4315,3300.38,7,Alta
505,672,9,0.16626795423960497,6048,5042.41,4,Alta
506,971,6,0.001568884062873821,5826,5816.86,18,Alta
507,648,7,0.22829722800842814,4536,3500.44,3,Alta
508,164,5,0.01059340648207172,820,811.31,28,Baja
509,499,6,0.22372013481936964,2994,2324.18,6,Baja
510,395,5,0.06074416804957122,1975,1855.03,12,Baja
511,995,9,0.28742204403581406,8955,6381.14,12,Alta
512,794,6,0.11038222539062534,4764,4238.14,21,Alta
513,113,8,0.09807948490142372,904,815.34,28,Baja
514,938,2,0.0446664150997334,1876,1792.21,8,Baja
515,402,9,0.09168126464706446,3618,3286.3,22,Alta
516,820,5,0.26299522854846014,4100,3021.72,22,Alta
517,255,7,0.2989003012881742,1785,1251.46,1,Baja
518,185,1,0.11049285915205449,185,164.56,4,Baja
519,48,5,0.13458318928636276,240,207.7,21,Baja
520,486,2,0.2166212814608211,972,761.44,28,Baja
521,691,6,0.2658587341395223,4146,3043.75,11,Alta
522,768,1,0.17791330025603525,768,631.36,3,Baja
523,547,3,0.1174577094533488,1641,1448.25,13,Baja
524,876,5,0.12378655225458712,4380,3837.81,25,Alta
525,827,4,0.20868544394904207,3308,2617.67,17,Baja
526,930,3,0.0009654790812836044,2790,2787.31,22,Baja
527,417,5,0.1858768012379522,2085,1697.45,22,Baja
528,534,8,0.10664790313240721,4272,3816.4,10,Alta
529,837,4,0.23825919938312526,3348,2550.31,21,Baja
530,515,1,0.027897191946939646,515,500.63,12,Baja
531,912,7,0.17646068008451715,6384,5257.48,15,Alta
532,834,8,0.14429186696583712,6672,5709.28,21,Alta
533,45,3,0.19269765777156822,135,108.99,10,Baja
534,694,6,0.019456078344890503,4164,4082.98,14,Alta
535,29,2,0.17399513622843937,58,47.91,13,Baja
536,330,7,0.16844537638785712,2310,1920.89,5,Baja
537,785,8,0.16819802832485128,6280,5223.72,6,Alta
538,521,6,0.18104629997893643,3126,2560.05,24,Baja
539,409,6,0.20294038116790866,2454,1955.98,2,Baja
540,663,5,0.24149669990423092,3315,2514.44,22,Baja
541,981,8,0.0809462160384643,7848,7212.73,17,Alta
542,892,1,0.24751482305401862,892,671.22,4,Baja
543,480,4,0.1494767046790361,1920,1633.0,14,Baja
544,152,4,0.023117483740299347,608,593.94,10,Baja
545,101,3,0.01756527877319376,303,297.68,3,Baja
546,363,3,0.10027149560881823,1089,979.8,25,Baja
547,843,4,0.23546909313344025,3372,2578.0,3,Baja
548,809,1,0.21230428042227473,809,637.25,15,Baja
549,736,2,0.23658448940172191,1472,1123.75,6,Baja
550,968,9,0.1551807169324828,8712,7360.07,17,Alta
551,863,2,0.13205969938664716,1726,1498.06,12,Baja
552,60,5,0.04423575801188518,300,286.73,22,Baja
553,674,9,0.09845782608279346,6066,5468.75,20,Alta
554,707,9,0.13020580985216257,6363,5534.5,24,Alta
555,584,8,0.02658012890388517,4672,4547.82,29,Alta
556,199,1,0.06618358581336338,199,185.83,11,Baja
557,134,1,0.17946758821912165,134,109.95,25,Baja
558,159,9,0.22069893427175694,1431,1115.18,4,Baja
559,323,8,0.2995042534178849,2584,1810.08,26,Baja
560,579,9,0.2799339994030673,5211,3752.26,28,Alta
561,351,7,0.19276955986055747,2457,1983.37,26,Baja
562,314,3,0.1263744159882216,942,822.96,6,Baja
563,701,3,0.1908532094124698,2103,1701.64,1,Baja
564,691,2,0.2356954854240696,1382,1056.27,20,Baja
565,847,5,0.03550085727701619,4235,4084.65,23,Alta
566,792,3,0.12297146690888647,2376,2083.82,28,Baja
567,63,6,0.2519406856906852,378,282.77,16,Baja
568,453,2,0.1151498855799132,906,801.67,15,Baja
569,622,3,0.17156168136815594,1866,1545.87,17,Baja
570,273,5,0.17633080825865946,1365,1124.31,8,Baja
571,62,1,0.0553428759400918,62,58.57,28,Baja
572,581,1,0.10867063249568651,581,517.86,26,Baja
573,629,9,0.10035338662257964,5661,5092.9,12,Alta
574,14,7,0.007859012559619438,98,97.23,27,Baja
575,112,1,0.007257529167406573,112,111.19,22,Baja
576,205,8,0.24950911310273202,1640,1230.81,21,Baja
577,783,3,0.08192124299184372,2349,2156.57,10,Baja
578,886,8,0.15542362987164463,7088,5986.36,27,Alta
579,893,5,0.08961767207663192,4465,4064.86,15,Alta
580,359,1,0.28220377353460213,359,257.69,30,Baja
581,56,7,0.07778902765973213,392,361.51,9,Baja
582,876,5,0.12889704382168052,4380,3815.43,2,Alta
583,832,6,0.26181907514538055,4992,3685.0,5,Alta
584,945,6,0.25258007003754257,5670,4237.87,6,Alta
585,829,8,0.0558304253538832,6632,6261.73,7,Alta
586,665,9,0.24079299293871312,5985,4543.85,21,Alta
587,278,2,0.13745606602136778,556,479.57,25,Baja
588,379,9,0.14489066162560657,3411,2916.78,1,Baja
589,645,9,0.04004399172478313,5805,5572.54,23,Alta
590,115,7,0.024180454127137395,805,785.53,26,Baja
591,679,1,0.21838179209212955,679,530.72,7,Baja
592,668,7,0.14893834570658993,4676,3979.56,20,Alta
593,666,5,0.13105521078455387,3330,2893.59,25,Baja
594,129,6,0.21885246859571902,774,604.61,30,Baja
595,840,7,0.22965386969733292,5880,4529.64,12,Alta
596,796,5,0.047672450300806066,3980,3790.26,16,Alta
597,613,7,0.18306754484329238,4291,3505.46,16,Alta
598,67,9,0.04060622468330566,603,578.51,11,Baja
599,960,3,0.22541252580871368,2880,2230.81,21,Baja
600,355,8,0.19708654688014185,2840,2280.27,4,Baja
601,750,2,0.28698438632503737,1500,1069.52,13,Baja
602,483,7,0.020687404906926353,3381,3311.06,7,Alta
603,126,2,0.017116416345376296,252,247.69,4,Baja
604,839,4,0.08465612240796004,3356,3071.89,15,Alta
605,800,7,0.07851170512077178,5600,5160.33,19,Alta
606,136,3,0.07409363972159995,408,377.77,9,Baja
607,402,2,0.271876374156311,804,585.41,11,Baja
608,917,7,0.07486385995485183,6419,5938.45,8,Alta
609,650,1,0.0815849178385893,650,596.97,1,Baja
610,67,8,0.2278194787253891,536,413.89,23,Baja
611,643,3,0.134921952735162,1929,1668.74,25,Baja
612,522,2,0.23301316708655434,1044,800.73,24,Baja
613,760,3,0.019609847269315573,2280,2235.29,8,Baja
614,811,5,0.14627135810201528,4055,3461.87,13,Alta
615,105,8,0.01008408005498479,840,831.53,22,Baja
616,647,7,0.018795961036606357,4529,4443.87,27,Alta
617,127,7,0.27193123600332325,889,647.25,4,Baja
618,569,7,0.04177361133527855,3983,3816.62,8,Alta
619,610,8,0.15972620468256513,4880,4100.54,3,Alta
620,497,1,0.12332868078021196,497,435.71,29,Baja
621,246,4,0.1042029978776528,984,881.46,9,Baja
622,894,6,0.2699500037061817,5364,3915.99,29,Alta
623,906,9,0.00654701903264685,8154,8100.62,2,Alta
624,281,2,0.1991369058526767,562,450.09,2,Baja
625,198,1,0.2890183302640651,198,140.77,28,Baja
626,713,2,0.16805045503855257,1426,1186.36,13,Baja
627,456,7,0.2810467386099275,3192,2294.9,15,Baja
628,590,3,0.01567736378580713,1770,1742.25,28,Baja
629,799,2,0.1256379957222484,1598,1397.23,23,Baja
630,870,7,0.07804733728861535,6090,5614.69,12,Alta
631,256,2,0.21924628949421893,512,399.75,26,Baja
632,972,3,0.294389127149174,2916,2057.56,4,Baja
633,85,7,0.07695901873327433,595,549.21,26,Baja
634,163,4,0.19625238044222235,652,524.04,8,Baja
635,665,1,0.05942928982792203,665,625.48,9,Baja
636,444,5,0.16959907637148297,2220,1843.49,23,Baja
637,95,9,0.13917974600650085,855,736.0,5,Baja
638,706,8,0.29160159888946113,5648,4001.03,24,Alta
639,294,9,0.18255818180893996,2646,2162.95,20,Baja
640,983,9,0.10485191162604564,8847,7919.38,18,Alta
641,229,7,0.03422873546638001,1603,1548.13,11,Baja
642,78,4,0.04537404862048037,312,297.84,15,Baja
643,56,5,0.06759507898537052,280,261.07,28,Baja
644,103,1,0.0752899984020894,103,95.25,22,Baja
645,759,1,0.25518481735234133,759,565.31,9,Baja
646,967,3,0.16836683648475748,2901,2412.57,17,Baja
647,462,8,0.15701727341230992,3696,3115.66,27,Alta
648,213,2,0.03443066156076524,426,411.33,26,Baja
649,921,4,0.25804190800483046,3684,2733.37,12,Baja
650,227,2,0.21684429096254512,454,355.55,7,Baja
651,483,5,0.020300508570000476,2415,2365.97,10,Baja
652,441,9,0.2123505291689306,3969,3126.18,25,Alta
653,350,1,0.16306146520279383,350,292.93,26,Baja
654,560,5,0.024517603724033474,2800,2731.35,25,Baja
655,621,9,0.13749019245859692,5589,4820.57,10,Alta
656,298,1,0.1454088861390141,298,254.67,27,Baja
657,263,9,0.04973236204898272,2367,2249.28,13,Baja
658,743,8,0.2837094441000847,5944,4257.63,19,Alta
659,366,4,0.25499261144419855,1464,1090.69,11,Baja
660,32,5,0.2007067011987325,160,127.89,13,Baja
661,771,5,0.13868866830018214,3855,3320.36,21,Alta
662,531,6,0.12352966247535255,3186,2792.43,8,Baja
663,767,7,0.19529204014528626,5369,4320.48,8,Alta
664,846,8,0.16362956082207164,6768,5660.56,4,Alta
665,109,8,0.018681931764565684,872,855.71,15,Baja
666,811,2,0.1537507946310995,1622,1372.62,28,Baja
667,189,9,0.24192108516985183,1701,1289.49,11,Baja
668,232,7,0.13777196327908742,1624,1400.26,11,Baja
669,915,4,0.015586973266280522,3660,3602.95,1,Alta
670,771,4,0.23588345981520992,3084,2356.54,17,Baja
671,668,8,0.06040913464079231,5344,5021.17,15,Alta
672,451,4,0.07758625046641163,1804,1664.03,20,Baja
673,617,6,0.049411906029688764,3702,3519.08,6,Alta
674,778,5,0.09906451946144926,3890,3504.64,24,Alta
675,334,3,0.2270254517065905,1002,774.52,22,Baja
676,525,2,0.1558157578511812,1050,886.39,28,Baja
677,25,9,0.061464382245213764,225,211.17,25,Baja
678,801,9,0.26334902344561223,7209,5310.52,15,Alta
679,345,1,0.26387455648545877,345,253.96,9,Baja
680,768,3,0.2611735275138021,2304,1702.26,14,Baja
681,267,8,0.07163886341446178,2136,1982.98,18,Baja
682,506,6,0.13537180325429643,3036,2625.01,26,Baja
683,997,5,0.2954968968422625,4985,3511.95,17,Alta
684,905,5,0.2316037428929971,4525,3476.99,18,Alta
685,169,6,0.008150226367667945,1014,1005.74,5,Baja
686,484,7,0.019561377378147615,3388,3321.73,20,Alta
687,861,1,0.13917941304369982,861,741.17,20,Baja
688,673,9,0.272766061758468,6057,4404.86,9,Alta
689,917,3,0.16161053938581427,2751,2306.41,11,Baja
690,699,4,0.14934375241028705,2796,2378.43,24,Baja
691,684,1,0.03164210998698917,684,662.36,22,Baja
692,389,3,0.1970340314172882,1167,937.06,1,Baja
693,554,2,0.24663094818006764,1108,834.73,18,Baja
694,938,2,0.1141260022522687,1876,1661.9,6,Baja
695,966,1,0.23268355527759824,966,741.23,27,Baja
696,700,8,0.28934299617024345,5600,3979.68,2,Alta
697,436,3,0.061129937738306724,1308,1228.04,15,Baja
698,622,3,0.15699888935842238,1866,1573.04,29,Baja
699,277,6,0.08614138742537265,1662,1518.83,26,Baja
700,844,8,0.2378563257101518,6752,5145.99,21,Alta
701,586,9,0.17327800976434724,5274,4360.13,14,Alta
702,426,9,0.1903747252650911,3834,3104.1,5,Alta
703,177,4,0.23937424788476822,708,538.52,6,Baja
704,851,5,0.11879114179873645,4255,3749.54,6,Alta
705,52,2,0.274527020522113,104,75.45,30,Baja
706,565,9,0.15990866017384198,5085,4271.86,22,Alta
707,294,8,0.0473864468506044,2352,2240.55,30,Baja
708,406,3,0.20876973545064073,1218,963.72,18,Baja
709,21,9,0.2379784051314763,189,144.02,14,Baja
710,616,3,0.095028503120258,1848,1672.39,10,Baja
711,311,9,0.2571537770996259,2799,2079.23,14,Baja
712,907,2,0.27184297642972993,1814,1320.88,13,Baja
713,262,9,0.08307134621334268,2358,2162.12,30,Baja
714,508,8,0.2950564418145666,4064,2864.89,3,Baja
715,763,9,0.04221345841462752,6867,6577.12,30,Alta
716,44,5,0.060604700520746985,220,206.67,6,Baja
717,736,2,0.055267451771407836,1472,1390.65,29,Baja
718,858,8,0.2681969130023611,6864,5023.1,8,Alta
719,99,6,0.19628776569748854,594,477.41,12,Baja
720,785,8,0.04563128496668186,6280,5993.44,13,Alta
721,614,5,0.1320970255105047,3070,2664.46,11,Baja
722,931,2,0.1845894075209406,1862,1518.29,12,Baja
723,979,6,0.025039225496814987,5874,5726.92,1,Alta
724,611,5,0.2647249105222016,3055,2246.27,17,Baja
725,427,5,0.24108106063246054,2135,1620.29,16,Baja
726,124,1,0.15156203207299146,124,105.21,11,Baja
727,626,2,0.29013798457775114,1252,888.75,13,Baja
728,912,8,0.1253282937825299,7296,6381.6,18,Alta
729,205,3,0.29523309571094936,615,433.43,11,Baja
730,835,3,0.20037599964108813,2505,2003.06,28,Baja
731,510,8,0.19040138197618242,4080,3303.16,12,Alta
732,635,8,0.0497864685887355,5080,4827.08,6,Alta
733,502,2,0.2645783274913932,1004,738.36,9,Baja
734,84,8,0.12824690637618455,672,585.82,16,Baja
735,422,1,0.04867002173474381,422,401.46,4,Baja
736,385,6,0.003782255992727712,2310,2301.26,3,Baja
737,429,8,0.16792670509151478,3432,2855.68,28,Baja
738,738,3,0.1582198866368029,2214,1863.7,16,Baja
739,286,8,0.21580608671074755,2288,1794.24,24,Baja
740,770,1,0.2670774159053406,770,564.35,27,Baja
741,685,9,0.023821975392908857,6165,6018.14,26,Alta
742,403,9,0.2194489471021087,3627,2831.06,30,Baja
743,878,5,0.05622358322927466,4390,4143.18,25,Alta
744,466,4,0.2574531159471492,1864,1384.11,12,Baja
745,929,6,0.24571905415849682,5574,4204.36,11,Alta
746,201,7,0.1622381264956633,1407,1178.73,5,Baja
747,748,5,0.21307283958699344,3740,2943.11,25,Baja
748,698,9,0.09430503395512452,6282,5689.58,18,Alta
749,108,3,0.14135036967984438,324,278.2,19,Baja
750,557,7,0.2464910693131415,3899,2937.93,23,Baja
751,987,5,0.13777955915196416,4935,4255.06,23,Alta
752,105,7,0.10733947959763253,735,656.11,6,Baja
753,673,2,0.14826373417508995,1346,1146.44,22,Baja
754,672,4,0.2484747757311655,2688,2020.1,18,Baja
755,199,2,0.10056241421126182,398,357.98,26,Baja
756,745,7,0.05212847794072314,5215,4943.15,6,Alta
757,46,2,0.21360420609923422,92,72.35,4,Baja
758,789,1,0.24779346381242454,789,593.49,12,Baja
759,378,9,0.03019124355706,3402,3299.29,19,Alta
760,704,1,0.07196223382678342,704,653.34,29,Baja
761,534,8,0.04259159692829817,4272,4090.05,27,Alta
762,288,2,0.10438242347464999,576,515.88,29,Baja
763,226,8,0.1351052936716238,1808,1563.73,2,Baja
764,876,3,0.22464790108899194,2628,2037.63,17,Baja
765,882,6,0.19534427546450223,5292,4258.24,11,Alta
766,807,3,0.18627857024352934,2421,1970.02,11,Baja
767,282,7,0.10571248398289632,1974,1765.32,21,Baja
768,890,9,0.25243426592542795,8010,5988.0,16,Alta
769,71,2,0.14138615021944936,142,121.92,2,Baja
770,605,5,0.29373148140454636,3025,2136.46,2,Baja
771,889,6,0.19024264148872105,5334,4319.25,23,Alta
772,738,4,0.03787942246935082,2952,2840.18,8,Baja
773,351,4,0.2028532686226302,1404,1119.19,13,Baja
774,406,4,0.09753120462950969,1624,1465.61,10,Baja
775,708,2,0.20589815900582922,1416,1124.45,8,Baja
776,28,4,0.020892344448721723,112,109.66,30,Baja
777,186,1,0.052464431152787816,186,176.24,4,Baja
778,621,6,0.2567211776717359,3726,2769.46,15,Baja
779,405,1,0.06815386710705447,405,377.4,30,Baja
780,454,6,0.251112337572882,2724,2039.97,1,Baja
781,242,1,0.08378282653632313,242,221.72,11,Baja
782,924,6,0.19286457301761228,5544,4474.76,7,Alta
783,85,8,0.2082451720529493,680,538.39,17,Baja
784,274,2,0.15379642594351586,548,463.72,27,Baja
785,464,2,0.09159320300901938,928,843.0,20,Baja
786,805,4,0.06379331291132884,3220,3014.59,24,Alta
787,727,3,0.009956806368727866,2181,2159.28,18,Baja
788,744,4,0.09118392037221713,2976,2704.64,22,Baja
789,393,7,0.1959488371593849,2751,2211.94,29,Baja
790,573,1,0.2814914455345448,573,411.71,22,Baja
791,860,6,0.2613613446789156,5160,3811.38,12,Alta
792,515,3,0.22981943296059076,1545,1189.93,9,Baja
793,376,7,0.2365342029759896,2632,2009.44,5,Baja
794,153,2,0.19949547104279858,306,244.95,10,Baja
795,894,2,0.0780860572698009,1788,1648.38,4,Baja
796,78,4,0.27215850921174894,312,227.09,5,Baja
797,108,1,0.2012196935717502,108,86.27,28,Baja
798,405,3,0.16813218929413198,1215,1010.72,28,Baja
799,34,9,0.03329684076404432,306,295.81,10,Baja
800,957,7,0.13411666314192763,6699,5800.55,11,Alta
801,900,7,0.13810748136057788,6300,5429.92,21,Alta
802,478,4,0.259369082856801,1912,1416.09,24,Baja
803,493,2,0.16399446605633652,986,824.3,10,Baja
804,574,4,0.11412016469112289,2296,2033.98,28,Baja
805,160,6,0.2930400985531978,960,678.68,8,Baja
806,153,3,0.033216177997894704,459,443.75,2,Baja
807,578,1,0.12676452849358338,578,504.73,23,Baja
808,48,8,0.012607402551421587,384,379.16,8,Baja
809,118,5,0.2219712362300791,590,459.04,16,Baja
810,702,5,0.27542296565974517,3510,2543.27,27,Baja
811,51,4,0.08401119886514682,204,186.86,22,Baja
812,195,6,0.25750250303973626,1170,868.72,5,Baja
813,944,3,0.08766546913856933,2832,2583.73,27,Baja
814,407,9,0.27323104849317453,3663,2662.15,25,Baja
815,232,5,0.22618857107903517,1160,897.62,29,Baja
816,643,3,0.2414720330524316,1929,1463.2,3,Baja
817,142,1,0.005401966680136349,142,141.23,12,Baja
818,172,6,0.2888431071222078,1032,733.91,13,Baja
819,224,2,0.21800129762109696,448,350.34,13,Baja
820,742,3,0.09142532861583999,2226,2022.49,10,Baja
821,244,1,0.24881839945765408,244,183.29,4,Baja
822,852,9,0.08445635952447898,7668,7020.39,9,Alta
823,667,8,0.2618261518698384,5336,3938.9,22,Alta
824,760,2,0.0337741171235811,1520,1468.66,24,Baja
825,597,8,0.21110579323823872,4776,3767.76,23,Alta
826,18,9,0.1622095429934731,162,135.72,27,Baja
827,83,1,0.028960341058632242,83,80.6,2,Baja
828,963,5,0.0725681484776517,4815,4465.58,19,Alta
829,501,8,0.003721210883194437,4008,3993.09,1,Alta
830,922,2,0.14063038963935173,1844,1584.68,25,Baja
831,262,4,0.09037957822800011,1048,953.28,29,Baja
832,239,7,0.17950724528932763,1673,1372.68,7,Baja
833,528,3,0.08917134231258515,1584,1442.75,17,Baja
834,183,5,0.0899757334520954,915,832.67,3,Baja
835,662,8,0.222957959619481,5296,4115.21,20,Alta
836,177,3,0.014442850793506034,531,523.33,20,Baja
837,179,4,0.27086849855759615,716,522.06,21,Baja
838,402,9,0.25567916231735444,3618,2692.95,30,Baja
839,955,7,0.20034140496792194,6685,5345.72,3,Alta
840,804,1,0.17796647103221527,804,660.91,3,Baja
841,643,4,0.26769074944189564,2572,1883.5,17,Baja
842,203,4,0.055599053858614335,812,766.85,7,Baja
843,526,9,0.023690748657248583,4734,4621.85,27,Alta
844,38,6,0.07185305097286143,228,211.62,26,Baja
845,174,9,0.23837348361005706,1566,1192.71,14,Baja
846,431,6,0.010401080017944996,2586,2559.1,17,Baja
847,348,6,0.1748420505250469,2088,1722.93,18,Baja
848,657,5,0.29863125485739295,3285,2304.0,13,Baja
849,505,5,0.25670882815126184,2525,1876.81,20,Baja
850,374,2,0.15643370671307683,748,630.99,29,Baja
851,842,8,0.019092272785992702,6736,6607.39,20,Alta
852,351,8,0.24941205431571295,2808,2107.65,21,Baja
853,509,1,0.17969355245316315,509,417.54,27,Baja
854,666,8,0.03447989911787005,5328,5144.29,18,Alta
855,520,5,0.02815718544700686,2600,2526.79,4,Baja
856,336,2,0.2728880458309777,672,488.62,1,Baja
857,226,2,0.20076007888142353,452,361.26,18,Baja
858,310,6,0.24878603979502664,1860,1397.26,1,Baja
859,141,9,0.2636936700846802,1269,934.37,26,Baja
860,813,1,0.17153170561449665,813,673.54,26,Baja
861,79,6,0.15523390552651237,474,400.42,13,Baja
862,261,9,0.12912822309629704,2349,2045.68,20,Baja
863,424,8,0.09508397633733578,3392,3069.48,20,Alta
864,796,6,0.13037878825761354,4776,4153.31,23,Alta
865,454,3,0.2321638967190469,1362,1045.79,10,Baja
866,885,8,0.18057702930453948,7080,5801.51,27,Alta
867,191,9,0.26775698698645384,1719,1258.73,11,Baja
868,176,1,0.13301400431375632,176,152.59,9,Baja
869,100,9,0.1821268736156262,900,736.09,9,Baja
870,723,6,0.18939226592759661,4338,3516.42,5,Alta
871,867,6,0.17750914869189766,5202,4278.6,26,Alta
872,540,4,0.2107901319256549,2160,1704.69,1,Baja
873,48,1,0.07123004051244188,48,44.58,17,Baja
874,135,8,0.1537091332637372,1080,913.99,22,Baja
875,460,2,0.0312674408425043,920,891.23,2,Baja
876,182,1,0.11535339829344377,182,161.01,24,Baja
877,662,2,0.1463001205863793,1324,1130.3,13,Baja
878,763,1,0.19566727786364174,763,613.71,9,Baja
879,229,1,0.28515931577586107,229,163.7,29,Baja
880,647,9,0.18019531996450674,5823,4773.72,4,Alta
881,67,1,0.22307817485296794,67,52.05,5,Baja
882,669,4,0.15187981784856083,2676,2269.57,11,Baja
883,485,6,0.1902312094128994,2910,2356.43,24,Baja
884,465,7,0.021279664840132027,3255,3185.73,19,Alta
885,838,2,0.0763174742525541,1676,1548.09,21,Baja
886,904,6,0.1085559279615416,5424,4835.19,3,Alta
887,370,7,0.14174800650195407,2590,2222.87,12,Baja
888,944,2,0.01369462365071512,1888,1862.14,26,Baja
889,10,2,0.0420072292659953,20,19.16,19,Baja
890,396,7,0.08304429233739173,2772,2541.8,19,Baja
891,982,1,0.2914598072703152,982,695.79,13,Baja
892,357,8,0.09940410213091523,2856,2572.1,28,Baja
893,199,3,0.14461231743362477,597,510.67,7,Baja
894,514,6,0.058829313821517876,3084,2902.57,15,Baja
895,200,9,0.18323402132273048,1800,1470.18,23,Baja
896,517,6,0.08420496465479228,3102,2840.8,7,Baja
897,378,9,0.06209777353152803,3402,3190.74,26,Alta
898,418,7,0.1549717885337937,2926,2472.55,8,Baja
899,833,9,0.0016517397481262462,7497,7484.62,5,Alta
900,938,2,0.002299209794767598,1876,1871.69,21,Baja
901,943,8,0.06572064273055733,7544,7048.2,14,Alta
902,126,8,0.011016408750246343,1008,996.9,4,Baja
903,143,2,0.03240772623920741,286,276.73,23,Baja
904,67,4,0.10165819480162548,268,240.76,10,Baja
905,565,7,0.24077570387394384,3955,3002.73,20,Alta
906,694,4,0.17161459301079024,2776,2299.6,15,Baja
907,681,4,0.1538003177869249,2724,2305.05,18,Baja
908,182,6,0.08804664696243648,1092,995.85,20,Baja
909,838,6,0.2795261158298449,5028,3622.54,13,Alta
910,824,3,0.11910451237115749,2472,2177.57,29,Baja
911,158,9,0.026127830038731446,1422,1384.85,8,Baja
912,89,2,0.18511995483534038,178,145.05,9,Baja
913,895,6,0.034151518042980424,5370,5186.61,16,Alta
914,222,7,0.10356694284050762,1554,1393.06,19,Baja
915,212,9,0.15222358161534266,1908,1617.56,16,Baja
916,773,3,0.2622667574055527,2319,1710.8,7,Baja
917,238,3,0.1480639741020356,714,608.28,14,Baja
918,685,7,0.21067762980949928,4795,3784.8,28,Alta
919,236,4,0.2978450516997211,944,662.83,14,Baja
920,668,8,0.039446735969394485,5344,5133.2,25,Alta
921,541,7,0.08241945765585586,3787,3474.88,27,Alta
922,450,5,0.11837282267929392,2250,1983.66,4,Baja
923,411,7,0.1265484535616494,2877,2512.92,26,Baja
924,56,3,0.12330632257966373,168,147.28,15,Baja
925,242,2,0.27228330076696644,484,352.21,3,Baja
926,314,6,0.21420979334005694,1884,1480.43,5,Baja
927,535,2,0.18237156422721112,1070,874.86,1,Baja
928,152,3,0.09281181535883462,456,413.68,3,Baja
929,424,6,0.2471371152663884,2544,1915.28,15,Baja
930,522,5,0.2865181534454967,2610,1862.19,24,Baja
931,382,8,0.24635948476506794,3056,2303.13,27,Baja
932,575,9,0.00046953155744187123,5175,5172.57,8,Alta
933,895,3,0.1909204110550221,2685,2172.38,29,Baja
934,268,3,0.015340614432630217,804,791.67,4,Baja
935,665,3,0.07728216610011655,1995,1840.82,2,Baja
936,480,6,0.017857410104331506,2880,2828.57,29,Baja
937,962,1,0.18113863588481632,962,787.74,24,Baja
938,980,7,0.20597697404778204,6860,5447.0,24,Alta
939,21,1,0.03434629141977153,21,20.28,10,Baja
940,339,5,0.11515166491349384,1695,1499.82,4,Baja
941,745,8,0.1368709526866626,5960,5144.25,3,Alta
942,793,4,0.11071590652827497,3172,2820.81,2,Baja
943,977,5,0.03630750014555791,4885,4707.64,25,Alta
944,367,4,0.12568433705624263,1468,1283.5,17,Baja
945,981,4,0.22535341434252543,3924,3039.71,23,Alta
946,417,8,0.02130229935997664,3336,3264.94,21,Alta
947,677,2,0.024054004224571036,1354,1321.43,24,Baja
948,382,1,0.10643138755079526,382,341.34,20,Baja
949,17,3,0.2825177134856775,51,36.59,23,Baja
950,131,9,0.20057179401687422,1179,942.53,13,Baja
951,357,4,0.20360098700176943,1428,1137.26,5,Baja
952,685,5,0.10857599725135948,3425,3053.13,30,Alta
953,99,2,0.17809823736256153,198,162.74,21,Baja
954,657,4,0.0030393552083230134,2628,2620.01,30,Baja
955,707,2,0.19082881392286266,1414,1144.17,9,Baja
956,325,2,0.273986084272871,650,471.91,25,Baja
957,187,4,0.18377204050344575,748,610.54,29,Baja
958,549,6,0.2621095780399035,3294,2430.61,25,Baja
959,741,7,0.21719191663982815,5187,4060.43,28,Alta
960,878,3,0.03616752492110707,2634,2538.73,22,Baja
961,50,3,0.2707359921857525,150,109.39,6,Baja
962,749,6,0.019933153306732464,4494,4404.42,5,Alta
963,713,3,0.16019024176432914,2139,1796.35,25,Baja
964,932,2,0.0426411371380373,1864,1784.52,10,Baja
965,511,8,0.0035119832192712194,4088,4073.64,8,Alta
966,968,5,0.1266102780382917,4840,4227.21,7,Alta
967,154,1,0.08851221229624687,154,140.37,7,Baja
968,210,3,0.1458001481392809,630,538.15,6,Baja
969,938,8,0.17315996602036524,7504,6204.61,21,Alta
970,733,4,0.013121721692684206,2932,2893.53,29,Baja
971,470,7,0.03690098853712369,3290,3168.6,20,Alta
972,741,2,0.1675927189351276,1482,1233.63,3,Baja
973,761,7,0.10295020595179746,5327,4778.58,19,Alta
974,934,5,0.21875204626483438,4670,3648.43,22,Alta
975,918,5,0.1956874945775819,4590,3691.79,15,Alta
976,567,6,0.25368130889697205,3402,2538.98,4,Baja
977,556,9,0.2077478480007676,5004,3964.43,28,Alta
978,262,6,0.12897932321704444,1572,1369.24,12,Baja
979,399,8,0.20188998671832972,3192,2547.57,6,Baja
980,603,7,0.08261435227662556,4221,3872.28,19,Alta
981,892,9,0.0918940496334638,8028,7290.27,4,Alta
982,265,4,0.23669554797623799,1060,809.1,15,Baja
983,718,2,0.13392585492047465,1436,1243.68,9,Baja
984,824,7,0.23951410215550573,5768,4386.48,5,Alta
985,930,6,0.24672671210048353,5580,4203.26,13,Alta
986,459,1,0.25726870129838514,459,340.91,23,Baja
987,19,9,0.27499057075236216,171,123.98,26,Baja
988,833,9,0.12929556615398888,7497,6527.67,18,Alta
989,807,2,0.09566004549634165,1614,1459.6,30,Baja
990,251,3,0.17465962397823415,753,621.48,30,Baja
991,260,5,0.11135172703128828,1300,1155.24,5,Baja
992,886,5,0.18032225004006988,4430,3631.17,25,Alta
993,14,1,0.21167575879314737,14,11.04,16,Baja
994,128,8,0.20652150554764107,1024,812.52,27,Baja
995,810,8,0.1123658661060364,6480,5751.87,19,Alta
996,383,4,0.05005806050962584,1532,1455.31,14,Baja
997,74,7,0.12915880153866224,518,451.1,25,Baja
998,155,3,0.04277824322457262,465,445.11,30,Baja
999,233,6,0.2670291105551425,1398,1024.69,16,Baja
1000,248,9,0.10376323822135722,2232,2000.4,27,Baja
